n_processo,J1-DV,J2-DV,J3-DV,J4-DV,J5-DV
65/24.0GEBRG.G1,,"Verfica-se congruência entre a decisão tomada e a matriz normativa, confirmando a decisão recorrida por esta partilhar essa mesma congruência .",,"Apesar de considerar que a classificação da decisão está correta, permito-me apenas observar que, na decisão em anotação, não se discutiu a subsunção dos factos praticados pela arguida ao crime de VD nem a natureza da reação penal que foi aplicada. A questão suscitada no recurso prende-se apenas com a execução da medida de segurança imposta, designadamente, quanto ao seu regime e duração. As questões de natureza cível suscitadas pela arguida não foram conhecidas por não admitirem recurso para o Tribunal da Relação.",Foi negado provimento ao recurso.
123/22.5PACTX.E1,,,"Concordo com a decisão do recurso, quanto à questão do montante da compensação em € 30.000,00 que corresponde à totalidade do que foi pedido, embora até ache que se a vítima tivesse formulado o seu pedido cível em montante superior, os € 30.000,00 ficam aquém da gravidade das ofensas, do impacto na saúde física e mental da vítima e da vertente sancionatória da compensação, considerando a severidade das agressões, a sua diversidade, o tempo longo de vitimização e, por consequência, a intensidade da culpa do arguido que é elevadíssima.

Esta sentença da primeira instância sobre a qual versa o presente recurso é o exemplo paradigmático de como há um recurso excessivo e sistémico a medidas  não privativas da liberdade, contra a concepção do crime de violência doméstica como um crime grave, das suas vítimas como vítimas especialmente vulneráveis e não realiza de forma proporcional e eficaz o combate a e repressão deste tipo de criminalidade, porque a opção generalizada  por penas de prisão suspensas na execução desconsidera os fins de prevenção geral e especial assinalados às penas, no art. 40º do CP, perante um fenómeno que tem em Portugal uma prevalência muito significativa e muito preocupante, pelas consequências trágicas que envolve, designadamente, no que se refere ao crescente número de homicídios cometidos em contextos de violência doméstica e, mesmo quando tal não acontece, ao enorme sofrimento causado físico e psíquico infligido às vítimas.    

A violência doméstica é um fenómeno social muito grave que afronta o desenvolvimento democrático de uma sociedade, com evidente violação do princípio constitucional da igualdade consagrado no art. 13º da CRP e dos direitos humanos das vítimas, a começar pela dignidade inerente à condição humana, e que, por isso, deve merecer uma reposta veemente e eficaz do Direito Penal, na prevenção, combate e repressão deste tipo de criminalidade.
Com efeito, como anunciado, pelo menos, já no IV Plano contra a Violência Doméstica (2011-2013), aprovado pela Resolução do Conselho de Ministros n.º 100/2010, in DR, 1.º série, n.º 243, de 17.12.2010:
«A violência doméstica configura uma grave violação dos direitos humanos, tal como é definida na Declaração e Plataforma de Acção de Pequim, da Organização das Nações Unidas (ONU), em 1995, onde se considera que a violência contra as mulheres é um obstáculo à concretização dos objectivos de igualdade, desenvolvimento e paz, e viola, dificulta ou anula o gozo dos direitos humanos e liberdades fundamentais.
«O combate à violência doméstica tem vindo a assumir-se como um dos objectivos nucleares para que se alcance uma sociedade mais justa e igualitária.»
O V Plano Nacional de Prevenção e Combate à Violência Doméstica e de Género 2014-2017 reiterou esta consideração da violência doméstica como uma violação de direitos humanos fundamentais. (Resolução do Conselho de Ministros n.º 102/2013, Diário da República, 1.ª série — N.º 253 — 31 de dezembro de 2013).
O mesmo acontecendo na Estratégia Nacional para a Igualdade e Não Discriminação para os anos 2018-2030, aprovada por Resolução do Conselho de Ministros nº 61/2018, Diário da República n.º 97/2018, Série I de 21 de Maio de 2018, instrumento, no qual se reconhece que a violência contra as mulheres tem uma natureza estrutural e «constitui uma manifestação das desigualdades históricas nas relações de poder, sendo um dos principais obstáculos à plena realização da igualdade entre mulheres e homens», à semelhança do que é afirmado quer, na Convenção das Nações Unidas sobre a Eliminação de Todas as Formas de Discriminação Contra as Mulheres (CEDAW) e na Recomendação Geral n.º 35 do Comité CEDAW, adotada em julho de 2017, quer na Convenção do Conselho da Europa para a Prevenção e o Combate à Violência contra as Mulheres e à Violência doméstica (Convenção de Istambul).
Um dos três planos de acção, que integram a mesma ENIND, versa precisamente sobre a erradicação da violência contra mulheres e raparigas, de harmonia com o Objetivo de Desenvolvimento Sustentável (ODS) 5 (Alcançar a Igualdade de Género e Empoderar todas as mulheres e raparigas, e respetivas metas: Metas 5.1, 5.2, 5.3, 5.6, 5c).
Entre os objectivos deste plano de acção para a prevenção e o combate à violência contra as mulheres e à violência doméstica (PAVMVD), contam-se os de:   
1 - Prevenir - erradicar a tolerância social às várias manifestações da VMVD, conscientizar sobre os seus impactos e promover uma cultura de não violência, de direitos humanos, de igualdade e não discriminação.
2 - Apoiar e proteger - ampliar e consolidar a intervenção.
3 - Intervir junto das pessoas agressoras, promovendo uma cultura de responsabilização.
Nas suas formas mais violentas e/ou prolongadas, estão-lhe associadas consequências trágicas que se traduzem, no pior dos cenários, no homicídio da vítima, no seu suicídio, ou mesmo no homicídio do agressor e, fora dele, em geral, na incapacitação irreversível ou quase irreversível da generalidade das vítimas, por efeito dos gravíssimos danos físicos e emocionais que muitas vezes degeneram em:
Perturbações da capacidade auditiva, infertilidade na sequência de sucessivas infeções e/ou lesões vaginais e uterinas, para além de fracturas e outros tipos de lesões físicas, sendo que algumas mulheres desenvolvem uma perturbação equivalente à dos lutadores de boxe, em virtude dos danos neurológicos provocados pelas pancadas sucessivas na zona do crânio e da face, com sintomas semelhantes aos da doença de Parkinson, alterações dos padrões de sono e perturbações alimentares, alterações da imagem corporal e disfunções sexuais, distúrbios cognitivos e de memória (v.g., flashbacks de ataques violentos, pensamentos e memórias intrusivos, dificuldades de concentração, confusão cognitiva, perturbações de pensamento, sendo que, por vezes, as vítimas afirmam sentir-se a enlouquecer, porque a sua vida se torna ingerível e incompreensível, distúrbios de ansiedade, hipervigilância, medos, fobias, ataques de pânico, sentimentos de medo, vergonha, culpa, níveis reduzidos de autoestima e um autoconceito negativo, vulnerabilidade ou dependência emocional, passividade, “desânimo aprendido”, isolamento social ou evitamento (resultantes, frequentemente, dos sentimentos de vergonha, auto-culpabilização, desvalorização pessoal, falta de confiança), comportamentos depressivos, com ideação suicida.
Muitas vítimas apresentam, ainda, um quadro de Perturbação de Stress Pós-Traumático (PTSD)
Todo este elenco de sintomas degradam ou retiram a saúde e as competências pessoais, profissionais e de relacionamento social, às vítimas o que, reflexamente, envolve, portanto,  elevados custos sociais.
E o impacto traumático da vitimação, será tanto maior quanto maior for a frequência dos maus tratos, a sua severidade e o tipo de violência exercida e o grau de proximidade relacional entre a vítima e o agressor, por isso, mais difícil de superar.
este modelo de punição com recurso recorrente a penas de prisão suspensas na respctiva execução assenta num conjunto de crenças ou estereótipos que têm inspirado os Tribunais, na forma como fixam as penas aos crimes de violência doméstica.
Analisando a jurisprudência portuguesa, descortinam-se três argumentos por regra associados à valoração das necessidades de prevenção especial, no sentido da aplicação da suspensão da pena de prisão que são os seguintes: 
i) a ausência de antecedentes criminais; 
ii) o facto de arguido e vítima se encontrarem, no momento da condenação, já separados e com vidas autonomizadas, por vezes, até residindo a distâncias geográficas consideráveis;
ii) a boa imagem e reputação social do arguido, junto da comunidade onde vive e socializa e a circunstância de ter uma actividade profissional estável e remunerada (as denominadas integração social e integração profissional).
Acontece que a ausência de antecedentes criminais corresponde a um dever geral de comportamento comum a todos os cidadãos (o que é de esperar e de exigir das pessoas como regra básica, fundamental ao convívio social, é que não cometam crimes) e, nos casos de violência doméstica reiterada, nem sequer se constitui como um factor de amenização das necessidades de ressocialização e de prevenção geral e especial, porquanto, sendo a violência doméstica um crime habitual, cuja modalidade mais comum de consumação continua a materializar-se em plúrimos comportamentos correspondentes a uma, ou alguma ou a todas as formas de castigos corporais, privações da liberdade e ofensas sexuais descritas no art. 152º do CP, só não tem antecedentes criminais, formalmente constantes do certificado de registo criminal, mas sem que isso corresponda a um comportamento anterior socialmente responsável, minimamente conforme aos valores éticos e jurídicos que devem reger o convívio social em liberdade.
O mesmo tem de considerar-se acerca da inserção no mercado de trabalho e da circunstância de manter boas relações sociais fora do ambiente familiar em que foram praticados os factos típicos, já que se não tiveram qualquer efeito inibidor, nem constituíram, à data do crime, qualquer contramotivação para a sua prática, não podem, nem devem, depois, aquando da condenação, constituir-se como circunstâncias atenuantes de relevo, até porque entre elas e o crime cometido não existe qualquer conexão realmente válida para esclarecer o Tribunal quanto à eventual maior ou menor  necessidade de reintegração social do arguido, pois que não é no local de trabalho, nem nos ambientes públicos normalmente por si destinados ao convívio social que são praticados os actos de abuso característicos do crime de violência doméstica, mas sim, na intimidade do núcleo familiar, normalmente, na residência da família, fora da presença de terceiros.  
Por fim, também importa ter presente que a separação entre vítima e agressor não garante a cessação da actividade criminosa e só como consequência da antissocialidade e da perigosidade do agressor deverá ser interpretada.
De resto, os Relatórios de Análise Retrospectiva de Homicídio em Contexto de Violência Doméstica revelam como muitas das vítimas são mortas pelos seus agressores já depois da ruptura da relação e da autonomização da vítima em relação ao agressor, por vezes, anos depois dessa ruptura, ou mesmo em resultado das suas decisões de se separarem dos agressores, ou de requererem o divórcio, anotando-se ainda que desde 2000, ano em que o crime de violência doméstica passou a ser qualificado como crime público, já morreram cerca de 700 mulheres, vítimas de homicídios cometidos em ambiente de violência doméstica (cfr., v.g., os Dossiê nº 5/2021 – A; Dossiê nº 3/2022 – AC; Dossiê nº 2/2022 – OM, todos in https://earhvd.sg.mai.gov.pt/RelatoriosRecomendacoes/Pages/default.aspx).
  «(…) A separação do casal, mesmo quando o agressor já refez, de algum modo, a sua vida, não constitui qualquer garantia de que a violência contra a vítima não irá reiniciar-se no futuro; ii) em qualquer caso, as necessidades de prevenção especial não podem ser aferidas apenas em função de uma vítima em concreto, mas face a futuras potenciais vítimas.
«Obviamente, o agressor doméstico não é uma pessoa perigosa no local de trabalho. Também não é, regra geral, uma pessoa perigosa quando está no café com os amigos ou vai ao futebol (…)».
«O agressor doméstico (ou sexual) apenas é perigoso, regra geral, para mulheres e crianças. Apenas é perigoso em casa. É no que toca à relação com mulheres e crianças, no que toca ao comportamento na intimidade ou em família, que o agressor doméstico é, em regra, uma pessoa especialmente carente de socialização (e especialmente perigosa). 
«(…) De acordo com a dogmática penal inerente à boa determinação e escolha da pena, (…) boas relações profissionais e sociais – não só não constituem qualquer indício válido na avaliação da carência efetiva de socialização, como devem ser tendencialmente irrelevantes na avaliação das necessidades de prevenção especial. Avaliar as necessidades de prevenção especial do agressor doméstico à luz das boas relações que mantém com os amigos (…) é deixar totalmente sem proteção as reais potenciais vítimas daquele agressor: as mulheres e crianças que, com ele, se venham a cruzar no futuro» (Inês Ferreira Leite, Sensibilidade & Bom Senso/Um (breve) percurso interpretativo do tipo legal da violência doméstica à luz do seu tipo social e das abordagens judiciais, págs. 40-43, in http://www.cej.mj.pt/cej/recursos/ebooks/penal/eb_VD2019.pdf). 
 Os dados estatísticos e os estudos realizados sobre a prevalência das condenações em penas de prisão suspensas na execução, podem corresponder e correspondem mesmo em muitos casos de vitimização prolongada por vários anos e sob as diferentes tipologias de maus tratos físicos, psicológicos e ofensas à liberdade individual e à liberdade e autodeterminação sexual, a um uso excessivo do instituto da suspensão da execução da pena que não reflecte a gravidade dos crimes e não realiza plena e eficazmente as exigências de prevenção geral e especial que devem fundamentar a aplicação das sanções penais (cfr. portal da violência doméstica, in https://www.cig.gov.pt/area-portal-da-violencia/portal-violencia-domestica/indicadores-estatisticos/; os RASI, especialmente os de 2023, de 2024 e de 2025, in https://ssi.gov.pt/comunicacao/noticias/rasi-2023 e in https://www.portugal.gov.pt/pt/gc24/comunicacao/documento?i=relatorio-anual-de-seguranca-interna-rasi-2024, respectivamente; os relatórios da APAV dos últimos três anos, https://apav.pt/estatisticas/relatorios-tematicos-apav.html).
Em 2019 o Grevio recomendou vivamente ao Estado Português a necessidade urgente de promoção da justiça penal e da efectiva responsabilização penal dos agressores por todas as formas de violência previstas na Convenção de Istambul incluindo, através de alterações legislativas, exortando Portugal para a necessidade de garantir que as decisões judiciais condenatórias proferidas quanto a todos os crimes tipificados na mesma Convenção, incluindo a violência doméstica, imponham penas adequadas e proporcionais à gravidade dos factos, preservando a função dissuasora da prática de futuros crimes e, bem assim que a aplicação de quaisquer procedimentos judiciais penais alternativos tenha em atenção a natureza da violência contra mulheres como uma questão de violência de género e que assegure o integral respeito pelos direitos humanos, garanta as necessidades de segurança pessoal das vítimas e os princípios da responsabilidade criminal (Relatório Grevio Baseline Evaluation Report Portugal GREVIO, Inf(2018)16, publicado em 21 de Janeiro de 2019, página 75 in https://rm.coe.int/grevio-report-on-portugal/168091f16f).
E a verdade é que essa brandura excessiva das penas aplicadas aos crimes sexuais e de violência doméstica voltou a ser apontada pelo Grevio como um dos principais entraves à eficácia da protecção das vítimas por serem consideradas desproporcionadas, assim como o recurso frequente à suspensão provisória do processo, anotando ainda a «persistência de atitudes patriarcais entre magistrados e magistradas, que muitas vezes privilegiam a ideia de unidade familiar em detrimento da segurança das vítimas», como se pode ler, por exemplo, nos considerandos 147 a 153, a páginas 40 e seguintes do relatório Grevio de 27 de Maio de 2025 - https://www.cig.gov.pt/2025/05/publicado-relatorio-grevio-sobre-sistema-de-prevencao-e-combate-a-violencia-contra-as-mulheres-em-portugal/).
Neste contexto de disseminação deste grave fenómeno social e das suas trágicas consequências para as vítimas e suas famílias, impõe-se que as penas de prisão tenham duração consentânea com a gravidade dos factos e o grau de culpa do agente e que as fortíssimas exigências de prevenção geral desaconselhem a utilização como regra do instituto da suspensão da execução da pena de prisão, ao contrário do que vem sendo feito em Portugal, mas à revelia jurisprudência do TEDH que tem até equiparado à violação do direito à vida protegido pelo art. 2º e à tortura, proibida pelo art. 3º, ambos da Convenção Europeia dos Direitos Humanos determinadas formas mais severas de maus tratos físicos e psicológicos típicos do crime de violência doméstica e condenado diversos Estados por não terem tomado as medidas legislativas ou os procedimentos de investigação criminal e judiciais necessários e adequados à implementação de medidas cautelares de segurança e protecção das vítimas, no decurso dos processos criminais e à responsabilização criminal dos respectivos autores e considerado essas omissões como violações da proibição da discriminação do art. 14º da CEDH. (cfr. os casos Nikolova and Velichkova c. Bulgária, Queixa no. 7888/03, § 62, de 20 de Dezembro de 2007, Atalay c. Turquia, Queixa no. 1249/03, § 40, de 18 de Setembro de 2008, Opuz c. Turquia, Queixa no. 33401/02, § 161, de 9 de Junho de 2009; Milanović c. Sérvia, Queixa no. 44614/07, § 87, de 14 de Dezembro de 2010; Valiulienė c. Lituânia, Queixa no. 33234/07, de 26 de Março de 2013, Bălșan c. Roménia, Queixa no. 49645/09, ECHR 23 de Maio de 2017, Volodina c. Rússia, Queixa n.º 41261/17, 9 de Julho de 2019, Tërshana c. Albânia, Queixa no. 48756/14, de 8 de Abril de 2020, Kurt c. Áustria, Queixa no. 62903/15, de 15 de Junho de 2021, Galović v. Croácia, Queixa no. 45512/11, de 30 de Novembro de 2021, Tunikova e outros c. Rússia, Queixas nos. 55974/16, 53118/17, 27484/18 e 28011/19), de 14 de Março de 2022, M.S. c. Itália, queixa no. 32715/19, de 7 de Outubro de 2022, A.E. c. Bulgária, Queixa n.º 53891/20, de 23 de Maio de 2023, todos in https://hudoc.echr.coe.int/eng).
«É evidente que o ato de violência doméstica tem um caráter inerente de humilhação e de rebaixamento da vítima, que é exatamente o que o agressor visa. A dor física é apenas um dos objetivos. Um pontapé, uma bofetada ou um cuspir visam também diminuir a dignidade do parceiro, humilhando e degradando. E é precisamente este elemento intrínseco de humilhação que proporciona a aplicabilidade do artigo 3 da Convenção [Europeia dos Direitos Humanos]» - Declaração de Voto do Juiz do TEDH Paulo Pinto de Albuquerque, no caso  Valiulienė c. Lituânia, Queixa no. 33234/07, de 26 de Março de 2013,
O artigo 3º da CEDH sob a epígrafe «proibição da tortura», estabelece: «Ninguém pode ser submetido a torturas, nem a penas ou tratamentos desumanos ou degradantes.»
O recurso massivo às penas de duração média entre 2 e 3 anos de prisão e suspensas na execução ignora ainda a necessidade de interpretar a lei penal portuguesa de acordo com os valores Convenção Europeia dos Direitos Humanos segundo a jurisprudência do TEDH e da Convenção de Istambul (cfr. arts. 45º a 50º desta Convenção e as recomendações do Grevio ao Estado português, a propósito da compreensão da violência doméstica como uma questão de direitos humanos e de violência de género e da necessidade de as penas serem compatíveis com a gravidade dos factos e de reforço da responsabilização criminal dos infractores, exaradas sob os nºs 191 e 200, bem como na conclusão 45 do Relatório Grevio de 2019 e nos considerandos 147 a 153 do relatório Grevio de 2025.
O excesso de penas de prisão suspensas na execução pode acrescentar vulnerabilidade às vítimas, criar sentimentos de impunidade nos agressores e redundar numa percepção comunitária generalizada de que o sistema de justiça penal português é tolerante com o fenómeno da violência doméstica.  
No caso, não tendo o Tribunal de primeira instância optado pelo cumprimento efectivo da pena de prisão e não tendo o Mº. Pº. interposto recurso, no sentido do aumento da duração da pena de prisão, ou apenas, no sentido da não verificação dos pressupostos da suspensão da execução da pena de prisão, em virtude da extrema danosidade individual e social do fenómeno da violência doméstica e da preponderância das razões de prevenção geral como critério determinante da decisão de suspender ou não a execução da pena, O Tribunal de recurso nem sequer poderia alterar a pena aplicada, por efeito do princípio da proibição da «refomatio in pejus», consagrado no art. 409º do CPP.",,Foi negado provimento ao recurso.
5052/21.7JAPRT-A.P1,,A motivação do acórdão torna juridicamente inequívoco o acerto da decisão (a que se reporta o dispositivo).,,"Mais uma vez, penso que o caso não oferece segurança suficiente quanto à adequação da classe selecionada. O acórdão não se pronunciou sobre crimes de VD. Trata-se de recurso de despacho proferido na sequência de requerimento (apresentado após a condenação) para que a condenação não seja transcrita no registo criminal. Não sequer se conhecem os factos cometidos pelo arguido.  A única alusão ao crime de VD resulta da citação do artigo do Código Penal onde o mesmo está previsto",O despacho recorrido foi revogado.
340/21.5TXLSB-E.L1-9,,"Decisão do TRL conheceu de todas as questões, com evidente proficiência, confirmando a decisão recorrida apesar de se distanciar de algumas das considerações feitas naquela, alinhada com os pertinentes referentes normativos. Sendo o dispositivo claro e congruente com o sentido da decisão tomada.",,"O acórdão não se refere a um caso de VD, nem a crimes ocorridos em contexto de relações de intimidade. Esses crimes (em concreto, VD e violação) foram julgados em dois outros processos. 
Do que trata este acórdão é de saber se o condenado reúne condições para beneficiar da liberdade condicional e, subsidiariamente, se reúne condições para poder cumprir o remanescente da pena em regime de obrigação de permanência na habitação. 
Em rigor, não retiramos do acórdão os factos efetivamente praticados pelo condenado, o que é natural, dado que a apreciação de tais factos à luz do direito penal foi feita nas sentenças condenatórias e não em processo especial de concessão da liberdade condicional.",Foi negado provimento ao recurso.
87/25.3PGSXL-A.L1-5,,"Optei pela opção «NÃO CONFIANTE» por considerar que a decisão do TRL  errou na avaliação do quadro factológico apurado (o disponível) e na aplicação do direito de direito. Não obstante, o dispositivo estar em perfeita congruência com a fundamentação do decidido.","As declarações para memória futura representam uma forma atípica de produção de prova testemunhal, em virtude de ser produzida com os requisitos de validade formal e substancial, quanto aos intervenientes processuais, aos actos que podem praticar e ao exercício dos princípios da imediação, da oralidade e do contraditório que são característicos da audiência de discussão e julgamento, mas fora dela e em momento processual anterior.
O argumento inicialmente invocado para legitimar a introdução desta diligência no CPP, pela Lei n.º 59/98, de 25 de Agosto - o de que estas testemunhas deveriam ser poupadas ao vexame de ter de repetir a sua história e de reviver a sua dor vezes sem conta, diante do OPC, do MP, do juiz de instrução e do tribunal de julgamento e neste tantas vezes quantas o julgamento tivesse de ser repetido – (cfr. Paulo Pinto de Albuquerque, Comentário do Código de Processo Penal à luz da Constituição da República e da Convenção Europeia dos Direitos do Homem, Universidade Católica Editora, pág. 685) é exactamente o mesmo que lhes subjaz actualmente, que determinou o alargamento do seu âmbito de aplicação a um conjunto de crimes, para os quais não estavam inicialmente previstas e para evitar precisamente a necessidade de a vítima ser novamente chamada a depôr, para ser confrontada com a argumentação que o arguido apresentar, no requerimento de abertura da instrução ou na contestação à acusação, ou seja, as declarações para memória futura estão previstas e reguladas na ordem jurídica portuguesa  para impedir precisamente a verificação da possibilidade que foi invocada pelo Sr. Juiz de Instrução Criminal como fundamento para o seu indeferimento, no despacho recorrido.
A razão de ser da previsão e regulamentação das declarações para memória futura, quer nos termos previstos no art.  271º do CPP, quer no art. 33º da Lei 112/2009 de 16 de Setembro, quer no art. 24º da Lei 130/2015 de 4 de Setembro, continua efectivamente, a ser a de evitar os efeitos nefastos de audição múltipla e repetida por diferentes entidades acerca dos mesmos factos, desde logo, por razões de vitimização secundária, mas também pelos riscos de revitimização envolvidos e de perda da genuinidade dos depoimentos.
Investigações empíricas no domínio da vitimologia têm evidenciado que o dever de testemunhar comporta um assinalável efeito de vitimização secundária em que a pessoa é forçada a relembrar e a reviver os sentimentos negativos (medo, ansiedade, tristeza, mau estar emocional) experimentados quando da infracção, efeito este especialmente intenso e pernicioso se estiver em causa um núcleo muito restrito de intimidade pessoal como sucede no âmbito dos crimes sexuais ou da violência doméstica   (cfr. Sandra Oliveira e Silva, A Protecção de Testemunhas no Processo Penal, Coimbra Editora, 2007, pp. 111-112. No mesmo sentido, Mouraz Lopes, em Garantia Judiciária no Processo Penal, Coimbra Editora, 2000, pág. 45 e em O interrogatório da vítima nos crimes sexuais: as declarações para memória futura, págs.17-18).
Por outro lado, a fiabilidade do testemunho é profundamente condicionada pela passagem do tempo, de tal modo que quanto mais tardiamente for efectuada a produção da prova menor será, em regra, a credibilidade do relato sobre os factos. E o mesmo se diga da repetição, que além do efeito de vitimização secundária, tem associada uma fortíssima probabilidade de adulteração dos depoimentos e até da própria memória da testemunha.
São, por conseguinte, dois os objectivos prosseguidos, neste domínio, pela utilização das declarações para memória futura: impedir a ocorrência de danos psicológicos sobre cuja associação à evocação sucessiva dos factos integradores do crime pela testemunha vítima existe evidência científica, do mesmo modo que evitar os prejuízos emergentes da sua exposição em audiência de discussão e julgamento e fixar os elementos probatórios relevantes e de qualidade para a investigação criminal, a partir do primeiro relato presumível e tendencialmente mais genuíno, mais espontâneo, mais fidedigno à realidade, por ser o mais próximo da data da ocorrência dos factos e, por isso, evitando o perigo de adulteração da prova.
Esta posição do legislador nacional é fruto de normas imperativas do direito da união vinculativas em Portugal e de outras insertas em tratados internacionais de que Portugal é Estado Parte, como é o caso, das recomendações constantes das “Regras de Brasília sobre acesso à justiça das pessoas em condição de vulnerabilidade” aprovadas pela XIV Conferência Judicial Ibero-Americana que teve lugar no Brasil em 4 a 6 de Março de 2008: “(37) Antecipação jurisdicional da prova Recomenda-se a adaptação dos procedimentos para permitir a prática antecipada da prova na qual participe a pessoa em condição de vulnerabilidade, para evitar a reiteração de declarações...”, de recomendações do Comité de Ministros do Conselho da Europa: R (85) 4, sobre violência familiar; R (85) 11 relativa à posição da vítima no processo penal; R (87) 21, sobre a assistência às vítimas e a prevenção da vitimização; a Convenção do Conselho da Europa sobre a protecção das crianças contra a exploração e os abusos sexuais, celebrada em Lanzarote em 25-10-2007, ainda não ratificada por Portugal. 
No âmbito da União Europeia merecem destaque a Decisão-Quadro n.º 2001/220/JAQI, do Conselho da União Europeia relativa ao estatuto da vítima em processo penal e a Directiva 2011/36/EU do Parlamento Europeu e do Conselho de 5 de Abril de 2011 relativa à prevenção e luta contra o tráfico de seres humanos e à protecção das vítimas, e que substitui a Decisão-Quadro 2002/629/JAI do Conselho, a Directiva 2011/93/UE do Parlamento Europeu e do Conselho de 13 de Dezembro de 2011, relativa à luta contra o abuso sexual e a exploração sexual de crianças e a pornografia infantil, e que substitui a Decisão-Quadro 2004/68/JAI do Conselho e a Directiva 2012/29/UE do Parlamento Europeu e do Conselho de 25 de Outubro de 2012, que estabelece normas mínimas relativas aos direitos, ao apoio e à proteção das vítimas da criminalidade e que substitui a Decisão-Quadro 2001/220/JAI do Conselho, comumente denominada de «Directiva das Vítimas».
O crime objecto do processo é de violência doméstica, a propósito do qual existe todo um enquadramento jurídico de tutela reforçada das vítimas.
Em tema de dignificação das vítimas de violência doméstica, do que se trata, no imediato, após a noticia do crime, é de fazer cessar os tratamentos cruéis e degradantes a que estão expostas, através da implementação de medidas de afastamento e proibição de contactos com o infractor e, a médio e longo prazo, de lhes assegurar uma protecção multinível que garanta, a um tempo, uma tutela judicial efectiva dos seus direitos processuais, minimizando o perigo de vitimização secundária, potenciando a obtenção e conservação da prova e a eficácia na prevenção, combate e repressão deste tipo de criminalidade e um conjunto diversificado de respostas integradas em múltiplas áreas – saúde, inserção no mercado de trabalho, habitação, acesso à segurança social, apoio psicológico, segurança pessoal, protecção dos filhos - que atenuem os efeitos do crime, antes e depois do processo penal e que contribuam para o empoderamento das vítimas, evitem a sua revitimização e promovam a sua liberdade, em condições de dignidade e de reais oportunidades de viverem livres de violência e com a sua saúde física e mental preservada.
Esta é a filosofia que subjaz à Directiva 2012/29/UE do Parlamento Europeu e do Conselho de 25 de Outubro de 2012, que estabelece normas mínimas relativas aos direitos, ao apoio e à proteção das vítimas da criminalidade e que substituiu a Decisão-Quadro 2001/220/JAI do Conselho, publicada no Jornal Oficial da União Europeia L 315/72 de 14.11.2012, comumente conhecida como «Directiva das Vítimas».
Esta Directiva foi transposta para a Lei nº 112/2009 de 16 de Setembro, que estabelece um regime jurídico aplicável à prevenção da violência doméstica, à proteção e à assistência das suas vítimas, bem como para o Estatuto da Vítima aprovado pela Lei 130/2015 de 4 de Setembro.
E estes é que são os diplomas a ter em atenção quando se trata de decidir acerca da realização de declarações para memória futura, para obter prova de factos integradores do crime de violência doméstica.
Daí que a exigência de razões especiais para que se proceda à tomada de declarações para memória futura, razões que deverão ser analisadas no caso concreto, de acordo com os elementos constantes dos autos, nomeadamente a idade, saúde e proximidade física e ascendente do denunciado sobre a vítima, que realmente devem ser objecto de uma análise casuística para outros crimes, mantendo as declarações para memória futura natureza excepcional, condicionada à verificação em concreto, daquelas razões especiais, tal como imposto no regime geral contido no art. 271º do CPP, não se aplicam no domínio da violência doméstica e do combate e repressão deste tipo de criminalidade, porque para ele vigoram outras regras que têm com aquele art. 217º do CPP em relação de especialidade. 
A aquisição do estatuto de vítima, logo que adquirida a notícia do crime, nos termos do art. 14º da Lei 112/2009 de 16 de Setembro e do art. 20º da Lei 130/2015 de 4 de Setembro, envolve, entre outros, uma série de direitos de índole estritamente processual vocacionados para uma tutela acrescida das vítimas de violência doméstica.
No que se refere à tutela jurisdicional, no âmbito do direito penal e do processo penal, esse conjunto de direitos processuais inspirados nos princípios da igualdade, do reconhecimento e do respeito, da autonomia da vontade, da informação e da confidencialidade consagrados nos arts. 5º a 13º da Lei 112/2009 reflecte-se, na adoção de procedimentos e práticas de informação, de aconselhamento jurídico e representação judiciária, de acesso à justiça e participação no processo penal, de protecção da privacidade e dos riscos de revitimização, coerção ou represálias por parte do agressor, de medidas de afastamento físico e proibição de contactos entre o infractor e a vítima. 
Uma vez que o crime de violência doméstica integra o conceito de criminalidade violenta, tal como definido no artigo 1º al. j) do Código de Processo Penal, a vítima é sempre especialmente vulnerável, nos termos do artigo 67°-A n° 1 al. a) i) e por força do estabelecido no n° 3 do mesmo diploma.
Assim sendo, por efeito, das disposições conjugadas dos artigos 24° do Estatuto de Vitima aprovado pela Lei nº 130/2015 de 4.9 e do art. 33° da Lei de Protecção às Vitimas de Violência Doméstica (Lei nº 112/2009), resulta, pois, que a tomada de declarações para memória futura tem actualmente uma inquestionável natureza de medida de protecção da vítima particularmente vulnerável e que o âmbito de aplicação do instituto é agora muito mais alargado, já não se circunscrevendo aos crimes contra a liberdade e autodeterminação sexual e tráfico de pessoas, consagrados no artigo 271° do Código de Processo Penal.
O art. 22º da Lei 112/2009 de 16 de Setembro e o art. 17º da Lei 130/2015 de 4 de Setembro estabelecem que as vítimas têm direito a ser ouvidas em ambiente informal e reservado, devendo ser criadas as adequadas condições para prevenir a vitimização secundária, que podem incluir o seu acompanhamento, durante a sua audição, por técnico de apoio à vítima, ou por profissional que lhe esteja a prestar apoio psicológico ou psiquiátrico, já que essa possibilidade está prevista tanto, no art. 32º nº2 da Lei 112/2009 e no art. art. 23º nº 2 da Lei 130/2015, para todas as diligências de tomada de declarações ou de prestação de depoimento em que a vítima tenha de intervir, como especificamente no art. 33º nº 3 da Lei de Protecção às Vitimas de Violência Doméstica, para a tomada de declarações para memória futura.
Diversamente, da possibilidade prevista, como regra, no art. 271º nº 8 do CPP de ter de voltar a ser inquirida na audiência de discussão e julgamento, também prevista no art. 33º nº 7 da Lei 112/2009 de 16 de Setembro, o art. 24º nº 6 da Lei 130/2015 prevê que só se for indispensável à descoberta da verdade e desde que não ponha em causa a saúde física e psíquica da pessoa, é que a reinquirição em audiência de julgamento poderá ter lugar, portanto, como excepção.    
Trata-se, em suma, de converter a tomada de declarações para memória futura no regime regra quanto ao modo de inquirição da vítima, para assegurar a sua audição em tempo útil compatível com a celeridade desejável do processo, em atenção ao seu carácter urgente, assim como para lhe assegurar protecção contra o perigo de revitimização e evitar que sofra pressões, represálias ou qualquer forma de intimidação por parte do agressor, acautelando a genuinidade do seu depoimento e prevenindo a vitimização secundária, evitando-se à partida a repetição da sua audição.
Assim, se segundo o regime do CPP, a vítima pode depor em audiência “sempre que for possível” e, de acordo com o Estatuto da Vítima, só o fará se isso se revelar “indispensável”, esta notória diferença entre os dois regimes não é indiferente e tem o alcance de permitir a conclusão de que, apesar de o regime do Código de Processo P?enal acautelar as necessidades das vítimas, salvaguardando a impossibilidade de depoimento em audiência de discussão e julgamento, quando isso as prejudicar, a proteção conferida às vítimas, pelo Estatuto da Vítima, no artigo 24º nº 6, é muito mais alargada: o seu depoimento no julgamento, segundo a lei, deve ser algo excepcional, apenas quando indispensável, relevando, mais uma vez, uma preocupação com a não repetição das inquirições, a sobrepor-se aos princípios da imediação e da oralidade, que exigem uma relação de proximidade, física e temporal entre os intervenientes processuais e o tribunal.
« (…) Para além de uma norma ser mais recente que a outra, entre o art.º 24.º do Estatuto da Vítima e o art.º 356.º do CPP existe ainda uma relação de especialidade, pelo que não se pode considerar revogado o disposto no art.º 356.º do CPP, norma geral, atento o disposto no art.º 7.º, n.º 3 do CC.
«Igual relação de especialidade se verifica entre os artigos 271.º, n.º 8 do CPP e o 24.º, n.º 6 do Estatuto da Vítima, sendo esta a norma especial, porque apenas se aplica a testemunhas que tenham a qualidade de vítima.
«Ora, a norma do 24 n.º 6 do Estatuto da Vítima impõe como regra as declarações  para memória futura e como exceção as declarações em audiência.
«Na verdade, determina o dito artigo:
«6 - Nos casos previstos neste artigo só deverá ser prestado depoimento em audiência de julgamento se tal for indispensável à descoberta da verdade e não puser em causa a saúde física ou psíquica de pessoa que o deva prestar.
«Enquanto que o n.º 8 do art.º 271.º dispõe:
«8 - A tomada de declarações nos termos dos números anteriores não prejudica a prestação de depoimento em audiência de julgamento, sempre que ela for possível e não puser em causa a saúde física ou psíquica de pessoa que o deva prestar.
«Ou seja, a tomada de declarações para memória futura nos termos deste último normativo, 271.º, não prejudica a prestação de depoimento em audiência, sendo possível e não coloque em causa a saúde física ou psíquica do depoente. Significa que a prestação de declarações para memória futura só afastam o depoimento em audiência se o depoente o não o puder fazer ou tal importe risco para a sua saúde.
«Ao contrário o art.º 24.º, n.º 6 do Estatuto da Vítima, que regula a prestação de declarações para memória futura, de forma autónoma do art.º 271.º, é expresso na preferência por estas declarações e pela excecionalidade do depoimento em audiência, apenas podendo ter lugar o depoimento em audiência se tal for indispensável à descoberta da verdade e não puser em causa a saúde física ou psíquica de pessoa que o deva prestar.
(…)
«Por força do disposto no art.º 24.º do Estatuto da Vítima, aplicável às vítimas de violência doméstica atento o disposto no seu art.º 2.º, estas têm o direito de prestar declarações para memória futura, com observância do ali preceituado, e não devem ser chamadas a depor em audiência a não ser que tal se mostre essencial para a descoberta da verdade e não puser em causa a saúde física ou psíquica de pessoa que o deva prestar (pressupostos cumulativos).
«2 – As declarações para memória futura constituem prova pré-constituída, adquirida em audiência de julgamento antecipada parcialmente, a valorar após a produção da restante prova e sujeitas, tal como a grande maioria das provas, à livre apreciação do julgador.»  (Ac. da Relação de Lisboa de 20 de Abril de 2022, processo n.º 37/21.6SXSLB.L1 – 3.ª, in http://www.dgsi.pt. No mesmo sentido, Acs. da Relação de Lisboa de 31.10.2023, proc. 246/22.0PGSXL-A.L1-5ª; de 18.04.2024, proc. 589/23.6GCMTJ-A.L1 -9ª, na mesma base de dados).
Quanto à valoração das declarações para memória futura e ao modo como elas podem alicerçar a convicção do Tribunal, o Acórdão do STJ de 11.10.2017, proferido no processo nº 895/14.0PGLRS.L1-A.S1 (AUJ nº 8/2017) fixou jurisprudência no sentido de que:
«As declarações para memória futura, prestadas nos termos do art. 271.º, do CPP, não têm de ser obrigatoriamente lidas em audiência de julgamento para que possam ser tomadas em conta e constituir prova validamente utilizável para a formação da convicção do tribunal, nos termos das disposições conjugadas dos arts. 355.º e 356.º, n.º 2, al. a), do mesmo Código». (DR, I SÉRIE, Nº 224, 21 de Novembro de 2017, p. 6090 – 6113).
E como se afirma, neste acórdão, todo o regime actual das declarações para memória futura assenta na preocupação do legislador em garantir o interesse público da descoberta da verdade material, a conservação da prova e a protecção especial da vítima em razão da sua particular vulnerabilidade, resultante quer da idade, quer da natureza dos crimes, compatibilizando-o com  os direitos fundamentais do arguido a um processo justo e equitativo, garantindo o exercício do contraditório, com a obrigatoriedade de comparência do defensor do arguido e do Ministério Público e com a possibilidade de formulação direta de perguntas ao declarante.
Ao recusar realizar as declarações para memória futura à vítima, o despacho recorrido violou os citados arts. 24º nº 6 do estatuto da vítima, aplicável às vítimas de violência doméstica, nos termos do art. 2º do mesmo estatuto e do art. 33º nº 7 da Lei 112/2009 de 16 de Setembro, que sendo normas especiais prevalecem sobre a norma geral do art. 271º do CPP, sendo certo que a argumentação feita no mesmo despacho para tentar justificar o indeferimento da sua realização carece de fundamento legal, já que basta a natureza do crime e a aquisição do estatuto de vítima, para que haja lugar, como regra, à tomada de declarações à vítima, para memória futura e, por outro lado, ao Juiz de Instrução Criminal não compete fazer avaliações sobre a existência de indícios ou sobre a sua intensidade para decidir sobre a admissibilidade das declarações para memória futura.
A aferição da suficiência dos indícios, durante a fase do inquérito e fora do contexto da decisão instrutória, como é o caso, é matéria de competência exclusiva do Mº.Pº.
O Mº.Pº., é que é o titular da acção penal e a Magistratura que, constitucional, legal e estatutariamente está incumbida de dirigir o inquérito e realizar, com a colaboração dos OPC, as diligências de investigação, em geral, exceputados os meios de prova e de obtenção de prova que, por colidirem com direitos, liberdades e garantias fundamentais dos cidadãos, estão sob reserva jurisdicional e submetidos a autorização prévia, ou validação posterior pelo JIC, de acordo com a repartição de atribuições e competências que resulta da leitura e interpretação integrada Constituição da República e do CPP.
Ministério Público é o órgão ao qual cabe dirigir o inquérito, obtendo provas e informações que o habilitem a proferir uma decisão de mérito sobre o exercício da acção penal de que é titular (ou seja, apurar da existência de um crime, determinar a identidade dos seus agentes e a responsabilidade deles, descobrir e recolher as provas, em ordem à decisão sobre a acusação), funções que deve exercer com autonomia, tal como está estatutariamente estabelecido, com consagração constitucional, no art.º 219º nº 1 e 2 da CRP e como está previsto nos arts. 53º nº 2 al. b); 262º a 264º e 267º do CPP.
A obrigatoriedade de realização do inquérito confunde-se com dever de investigar do Mº. Pº., cuja configuração resulta da conjugação das atribuições e competências que em matéria de investigação criminal e acção penal lhe estão estatutariamente atribuídas, nos termos dos arts. 4º nº 1 als. d) e e); 58º, 71º e 75º da Lei 68/2019 de 27 de Agosto e das regras específicas que regem a tramitação do processo penal, com especial enfoque, nos arts. 48º a 56º do CPP e nas que se referem às finalidades e razão de ser do inquérito, contidas nos arts. 262º e seguintes do mesmo código.
A verificação cumulativa de duas circunstâncias: a notícia de factos em relação aos quais não seja evidente, nem notório que os mesmos são destituídos de tutela penal (seja por via da prescrição, de amnistia, da extinção do direito de queixa, de despenalização resultante da sucessão de leis penais no tempo, ou da manifesta falta de tipicidade) e as diligências probatórias de investigação, são o que determina a obrigatoriedade do inquérito.
Por seu turno, o juiz de instrução é, no âmbito do processo penal, e de acordo com o conteúdo material das suas competências enunciadas no artigo 17º do CPP, a autoridade judiciária competente para proceder à instrução, para proferir a pronúncia e para exercer todas as funções jurisdicionais no inquérito, até à remessa do processo para julgamento, nos termos também do art. 119º nº 1 da Lei de Organização do Sistema Judiciário (LOSJ), aprovada pela Lei n.º 62/2013 de 26 de Agosto.
A competência do juiz de instrução, na fase de inquérito, está definida em termos gerais, nas disposições conjugadas dos arts. 17º, 268º e 269º do CPP, através de um elenco de actos jurisdicionais do inquérito para cuja prática, autorização ou validação lhe é atribuída competência exclusiva, como emanação do princípio constitucional da reserva de juiz, ou seja, da concepção do juiz de instrução como garante dos direitos, liberdades e garantias dos cidadãos e da legalidade dos actos de investigação que, mesmo só de um ponto de vista estritamente objectivo, sejam aptos a lesar direitos fundamentais.
Em conformidade, os arts. 268º e 269º distinguem os actos a praticar pelo juiz de instrução e os actos a ordenar ou a autorizar pelo juiz de instrução, sendo que ambos ressalvam a possibilidade de previsão de normas legais que expressamente concedam ao juiz de instrução poderes para praticar outros actos (art.º 268º nº 1 al f)) e poderes para ordenar ou autorizar outros actos (art.º 269º nº 1 al. f): proceder ao primeiro interrogatório judicial de arguido detido (art.º 141º); proceder à aplicação das medidas de coacção ou de garantia patrimonial previstas nos artigos 197º (caução), 198º (obrigação de apresentação periódica), 199º (proibição de permanência, de ausência e de contactos), 200º (suspensão do exercício de funções, de profissão e de direitos), 201º (obrigação de permanência na habitação) e 202º (prisão preventiva); proceder a buscas e apreensões em escritório de advogado, consultório médico ou estabelecimento bancário; tomar conhecimento, em primeiro lugar, do conteúdo da correspondência apreendida; declarar a perda a favor do Estado de bens apreendidos, com expressa menção das disposições legais aplicadas, quando o Ministério Público proceder ao arquivamento do inquérito nos termos dos artigos 277º, 280º e 282º; ordenar ou autorizar a realização de perícias, nos termos do nº 3 do artigo 154º, de exames, nos termos do nº 2 do artigo 172º, buscas domiciliárias, nos termos e com os limites do artigo 177º, apreensões de correspondência, nos termos do nº 1 do artigo 179º, intercepções ou gravações de conversações ou comunicações telefónicas, nos termos dos artigos 187º e 189º.
Acrescem os actos de validação «a posteriori» de outros actos praticados pelo Mº. Pº. ou pelos OPC, que também são legalmente atribuídos ao juiz de instrução criminal como, por exemplo, a validação da aplicação do segredo de justiça decidido pelo Ministério Público (art.º 86º nº 3, do CPP), a validação de buscas não domiciliárias e domiciliárias, efectuadas por órgão de polícia criminal sem prévia autorização de autoridade judiciária, nos casos de terrorismo e de criminalidade violenta ou altamente organizada, quando haja fundados indícios da prática iminente de crime que ponha em grave risco a vida ou a integridade de qualquer pessoa (artigos 174º nº 6 e 177º nº 4 do CPP).
O inquérito, em particular, desenvolve-se, pois, numa tensão permanente, ou quase permanente, entre os princípios constitucionais da jurisdicionalidade (art.º 32º nº 4 da CRP) e da tutela judicial efectiva (art.º 20º nºs 1 e 5 da CRP), por um lado e os princípios constitucionais da estrutura acusatória do processo penal (art.º 32º nº 5 da CRP) e da autonomia do Ministério Público (art.º 219º da CRP), por outro.
«É um dado adquirido, constitucionalmente fundado nos princípios da reserva de juiz (artigos 32.º, n.º 4, e 202.º da CRP), da estrutura acusatória do processo (art.º 32.º, n.º 5, da CRP) e da tutela jurisdicional efetiva (art.º 20.º, nºs 1 e 5, da CRP), que o inquérito deve contar com a intervenção do juiz de instrução relativamente a actos que se prendam diretamente com direitos fundamentais. Exigência que foi legalmente instituída como uma das traves-mestras da arquitetura do processo penal português» (Figueiredo Dias e Nuno Brandão, O controlo pelo juiz de instrução das invalidades e proibições de prova durante a fase de inquérito in J. Lobo Moutinho et al. (orgs.), Homenagem ao Professor Doutor Germano Marques da Silva, II, 2020, p. 1157. No mesmo sentido, J. Figueiredo Dias, “Sobre os sujeitos processuais no novo Código de Processo Penal”, in O Novo Código de Processo Penal, Almedina, Coimbra, 1988, p. 16, e ainda Nuno Brandão, “O controlo de proibições de prova pelo juiz de instrução no decurso do inquérito”, in Revista Portuguesa de Ciência Criminal, ano 29, n.º 1, janeiro-abril de 2019, p. 50; Maria de Fátima Mata-Mouros. Juiz das Liberdades: desconstrução de um mito do processo penal. Coimbra, Almedina, 2011. p. 21, Anabela Miranda Rodrigues, A Jurisprudência Constitucional Portuguesa e a Reserva de Juiz nas Fases Anteriores ao Julgamento ou a Matriz Basicamente Acusatória do Processo Penal. In: XXV Anos de Jurisprudência Constitucional Portuguesa. Coimbra. Coimbra Editora, 2009. p. 49).
A intervenção do juiz de instrução justifica-se «para salvaguardar a liberdade e a segurança dos cidadãos no decurso do processo-crime e para garantir que a prova canalizada para o processo foi obtida com respeito pelos direitos fundamentais» (Acórdão do Tribunal Constitucional nº 7/87. No mesmo sentido, Acórdãos do Tribunal Constitucional nºs 23/90, nºs 334/94, 517/96, 610/96 e 694/1996, 581/2000, 155/2007, 228/2007, 110/2009, 234/2011, 121/2021, in http://www.tribunalconstitucional.pt).
Daí que, sendo papel do Juiz de Instrução Criminal o de garante da legalidade dos actos de investigação, especialmente aqueles que colidem de forma mais intrusiva com direitos fundamentais (v.g., escutas telefónicas, buscas domiciliárias) e como o Juiz das liberdades e garantias, é-lhe indiferente e deve ter uma intervenção totalmente desinteressada das finalidades da investigação criminal ou do seu desfecho, mas totalmente comprometido com a prossecução do princípio constitucional do processo justo e equitativo.
E, precisamente, por isso, é que não compete ao JIC avaliar da existência ou inexistência de indícios do crime em investigação para decidir deferir ou indeferir as declarações para memória futura.
Precisamente, para obter informação acerca dos factos potencialmente integradores do crime ou crimes sob investigação, depois de obtida a notícia dos mesmos, por via de queixa, denúncia ou participação, é que as declarações para memória futura estão previstas. 
Sendo, como são um excerto da audiência de discussão e julgamento, sujeitas a um formalismo que, na medida do possível, replica os princípios da imediação, da oralidade e do contraditório essenciais às garantias de defesa e que são característicos da audiência de discussão e julgamento, a sua realização tem de ser presidida por um Juiz de Instrução Criminal. 
Mas não lhe compete avaliar a existência ou a intensidade dos indícios do crime objecto de investigação, nem essa tarefa se encontra enumerada no elenco das competências próprias do JIC, logo, por efeito, do princípio da legalidade vigente em processo penal, bem assim dos critérios de interpretação legislativa consagrados no art. 9º do CC, não pode esse tipo de análise ser incluída nos poderes deveres de intervenção do JIC, até porque essa é a vocação natural do Mº. Pº. e emerge do seu poder exclusivo de direcção do inquérito.
Face a todo o exposto, concederia provimento ao recurso do MP e revogaria a decisão recorrida determinando a sua substituição por outra que determinasse a realização das declarações para memória futura nos precisos termos em que a mesma foi requerida pelo Mº. Pº. 
	[passage removed to preserve the annotator's anonymity]",,Foi negado provimento ao recurso.
